{"cameraMode":{"drawMode":0,"name":"Shaded","section":"Shading Mode"},"sceneLighting":true,"audioPlay":false,"sceneViewState":{"m_AlwaysRefresh":false,"showFog":true,"showSkybox":true,"showFlares":true,"showImageEffects":true,"showParticleSystems":true,"showVisualEffectGraphs":true,"m_FxEnabled":true},"in2DMode":false,"pivot":{"x":1.3365522623062134,"y":-0.1376446783542633,"z":-26.026687622070314},"rotation":{"x":0.0005557989934459329,"y":0.9962533712387085,"z":-0.08569934964179993,"w":0.00627578841522336},"size":22.04383087158203,"orthographic":false}